serial_number,fx,fy,ppx,ppy
138322250306,381.96490478515625,381.6440124511719,323.036865234375,242.98997497558594
141322252882,379.5654602050781,379.2510681152344,317.56396484375,246.6840057373047
